Time,Avg_Speed,Max,AvgX,AvgY
0.0,1.0187486842783107,6.89834658651834,0.6331542071099828,0.11769810798649874
3.0,0.8890287798276219,5.401172650082574,0.5472401533370923,0.12830921178729127
6.0,0.5944436141029508,5.178225961590238,-0.2205601138821683,0.13363831077076313
9.0,0.7179063850507412,5.528040232037077,0.4451333262090374,0.09999088110232404
12.0,0.7221464782163204,4.671549432716888,0.4055453699670897,0.08053450698913162
15.0,0.7392476532609006,4.644936518008644,0.44011712051420504,0.07775830013646658
18.0,0.8685983269031132,5.832976474248616,0.49837062033077717,0.0373435968820117
21.0,0.8613525778044825,5.192995705033728,0.47401367386198867,0.030869338889467537
24.0,0.8974792680776225,5.790203195387209,0.49811205494019994,0.04719957448504474
27.0,0.8350164153803236,5.096775249233381,0.49635274614419733,-0.003542234712195286
30.0,0.8458177227336615,5.710923371762269,0.5136044154604117,0.011178293452508167
33.0,0.6668307170822262,5.219638975295354,0.3490393755622217,0.02591083520629292
36.0,0.6232503436090168,5.270208562215902,0.284074785623516,-0.02431938621498039
39.0,0.8336900261888889,6.563921591885939,0.1875145783617955,-0.004627822337502636
42.0,1.3193472751702093,6.302675593695734,0.0167747777496959,0.006364825715913263
45.0,1.3195263188543322,6.299264542779085,-0.0018562673687206991,-0.02199374490725465
48.0,1.1616524200441807,5.530604021921148,0.14634279569769604,-0.01755261561536971
51.0,1.0350697351492475,5.920542361926816,0.10703570767362004,-0.0012373339335399372
54.0,0.8492177568503169,4.608871923564111,0.18703390828611471,0.013781168418452573
57.0,0.7159972820709065,5.319528059741266,0.18278824594437548,0.007337311320198973
60.0,0.635563473068056,3.5784855371469453,0.15440194997747417,0.013158290608102866
63.0,0.591822428990389,2.796507598069564,0.1467067507342187,-0.051922588392769184
66.0,0.5854015853554638,2.901407202868126,0.13718106825148832,-0.04709519461504148
69.0,0.5908013740389009,4.526802786141331,0.11286922003659743,-0.03254497313373561
72.0,0.6233059768469702,4.561223752392489,0.04795620554207076,-0.0124063834676715
75.0,0.6857232395616893,4.782668497194339,0.11778933537814709,4.023581676474189e-05
78.0,0.715229331749441,4.4208072777576,0.12051628481379993,0.04360124974041187
81.0,0.8218525204856653,6.24550111587954,0.1297207661940509,0.07316602102064419
84.0,0.8859973175238641,4.523018424853121,0.12093193637842041,0.057142188595712816
87.0,0.9269610254733449,5.056066133738599,0.1410033997987086,0.10669458861412057
90.0,0.9316642619794543,5.766399420017719,0.0941968921408105,0.12607265756624855
93.0,1.0492643277651128,4.981334058432693,0.11790169452107928,0.1859609079934568
96.0,0.958701237764729,5.205373141951211,0.10462581162241555,0.14253777901816575
99.0,0.9614018633587644,5.014598615674627,0.18508219142623217,0.13257330501067585
102.0,1.049409437973092,5.49109936968538,0.13798970659366488,0.07962309870217084
105.0,0.8514910800553637,5.9475853025574645,0.203090335310635,0.1144401740826149
108.0,0.7294012640562626,4.851286930477645,0.2428664475534285,0.07539510366626243
111.0,0.4742349988266497,5.370680266337847,0.15574015953562484,0.08319619205211495
114.0,0.22224046689980903,2.9448100968356274,0.11078056927635362,0.0030245441442281547
117.0,0.16671534371960658,3.1855222673723365,0.07397293412918035,-0.023019241264261324
120.0,0.2142420990623789,3.8197543967290435,0.06635333047465257,-0.024327249636064596
123.0,0.39453167177598464,6.161308144938804,-0.013688885392772177,-0.03127925051598463
126.0,0.4993334190476967,6.424398698946106,-0.07247061886028908,-0.05229614222891081
129.0,0.465771978364764,5.769567881873758,-0.011901089093145273,-0.008464755206454651
132.0,0.4414672130350465,4.835369658070228,-0.03688286278225114,-0.01853072349141077
135.0,0.41490734838379373,4.748194596655679,-0.0021715549747379323,-0.04230236612760143
138.0,0.40129582194294255,5.854759121584327,-0.0224775913964249,-0.015070081513848333
141.0,0.36073317584805376,4.526291940236625,-0.0015474101897349924,0.012017057338090916
144.0,0.3940356209021608,5.050981553902453,0.009503131204883811,0.00947025430724309
147.0,0.470697956063477,4.509823211966322,-0.03348147327699921,-0.006537969865956614
150.0,0.5115649188113447,4.810460832743897,-0.055866951177898645,0.016947822121546476
153.0,0.5375925123385691,4.182321478029361,-0.016754894393457082,0.022245703966046616
156.0,0.5572318004096908,4.637573379513708,-0.026154220040682512,0.033090451291366
159.0,0.6284252498554924,5.456074362360591,-0.09047378331265538,0.060082615963856154
162.0,0.605782814989836,6.550285976838906,0.012405546180187776,0.08725089379415445
165.0,0.5777877690767664,6.066643386040301,-0.008360379578989963,0.10393147008549357
168.0,0.5784293272176696,4.521729033470759,0.015063220745280888,0.06979075935202114
171.0,0.4422287207147508,5.363458111145123,0.02407931085767074,0.03231022680549772
174.0,0.26443507026356833,3.3206034846725423,0.0429705270652157,-0.014520774900520169
177.0,0.13183711308154691,1.0833785263000832,0.037413200575581396,-0.0024158391381154647
180.0,0.14375890602271285,2.838842201634236,0.021992124973329863,0.006099958502574614
183.0,0.21130146218810772,2.3654568651999544,0.003175559204745913,-0.010304567245675383
186.0,0.33856313596447657,4.750794854589294,0.006788622647518101,-0.045727332177646005
189.0,0.4017584522591773,3.9416189429450745,0.04144185877219132,-0.005786637145031463
192.0,0.37062269011825644,5.921188191790373,0.00972141348757079,-0.00538976881760743
195.0,0.34264626723115804,3.734612579959548,-0.009956117913421915,0.0016370572647991801
198.0,0.29740849238426464,3.0955702634117395,-0.02237491757528773,0.03641890203867919
201.0,0.3024281794167332,4.01952418948983,-0.018207702541901297,-0.005442188780535698
204.0,0.3060931388535312,3.4952316467968285,-0.05761420334174814,0.0006028923007988627
207.0,0.3547740443167181,4.214492031908659,-0.04431748497445324,0.0019116428783800639
210.0,0.4017760567265421,4.795507408865547,-0.07243550577783153,0.0161490295689241
213.0,0.4240259126227059,5.151334244947872,-0.07242491893527961,0.02135093850434141
216.0,0.4204338595277587,4.6927760437567825,-0.07414749990788959,-0.00826432328275974
219.0,0.4482812354864524,4.630793981524141,-0.031294012332968295,-0.018038439468820076
222.0,0.372196277678059,3.9212599913487325,-0.02605310198597957,-0.013947614325722812
225.0,0.3701338180317144,4.3781530557101025,0.00623204758812633,0.02792710587089841
228.0,0.22403032679062346,3.3832439049613034,0.007865176575192232,0.024212965778802
231.0,0.1424173009362169,1.5841659314293484,0.013076425510863738,0.02527360618760386
234.0,0.11714787472921086,2.247398023876511,0.004398147871068133,-0.0036875912315433197
237.0,0.12969211490023044,1.6065147145766991,0.01498300947347443,0.007607316713424964
240.0,0.21639855297786498,4.224100652896212,0.0490549742295414,-0.014651966033295103
243.0,0.3036920130110151,4.056847925229056,0.003639467619564764,-0.00011860582963361756
246.0,0.33938063248201544,5.253202855384075,-0.0113859477229741,-0.0010268211136001844
249.0,0.2840157949694906,3.8567977874753687,0.00183038047848079,-0.0287050218541286
252.0,0.28292726836397114,3.6667825310668065,-0.04627223098512355,0.021901435974746402
255.0,0.2940577195416846,3.2405711582405816,-0.03974620913442468,-0.006144736138724015
258.0,0.25501944900635554,2.2871305129067676,-0.03143727906090109,0.02007064033914863
261.0,0.33130213695132693,3.9649436453449822,-0.027053395152498973,0.06636532112797298
264.0,0.3626063016843703,2.856988445611815,-0.04849531464303011,0.08008312801337135
267.0,0.41153286377321946,3.9697366471879634,-0.04885757208086562,0.13937951489726158
270.0,0.3569838077273172,3.9900686596120045,-0.052407587755230696,0.10102909955047196
273.0,0.3388390809018372,3.901731626635894,-0.06743685344387457,0.043734127672552484
276.0,0.31606779753297515,4.24426708325316,-0.02969953324991336,0.01047562099204022
279.0,0.27156493438164203,2.0390202409827474,-6.940380159672015e-05,0.00834045591093088
282.0,0.2428536869505281,2.7860198114209687,0.010425101747839385,0.01784148860871578
285.0,0.15291105076277056,2.147625858976953,0.012755375916413883,0.008895505570799758
288.0,0.14563932215970987,3.3063233009089212,0.0021229623438463446,0.00143286334306331
291.0,0.12890895211647807,2.899012103124363,-0.019052188082691615,-0.033536567474969615
294.0,0.1477164262961597,3.822288547793566,-0.03203608228062775,-0.01639831320093488
297.0,0.16642699528843335,3.778555168316981,-0.0027227330730191603,-0.007188974214111809
300.0,0.21893905000012273,4.036811114751856,-0.03198156287424187,-0.0006835529871688497
303.0,0.3193907438282579,5.584491716001204,-0.004183534323324202,-0.02213684077175666
306.0,0.3053383251738889,5.797213558694233,-0.003050485912598053,-0.036634375993348615
309.0,0.25982255278100563,4.915806209715894,-0.030630352867806233,-0.014674531575516892
312.0,0.28815598501947537,2.728933667940202,-0.016968742129815865,-0.022126977465048363
315.0,0.28603220513170996,4.0157123438543865,-0.07845299885877845,-0.04197406501144251
318.0,0.2966341541211064,4.384246099331738,-0.09723147397086727,-0.015311031873404888
321.0,0.28275324833240245,2.5739738397275653,-0.051582699158565615,-0.001828203446056775
324.0,0.2947714253750877,4.02220263982259,-0.0499456906996933,0.037039486552232465
327.0,0.29313706197615486,3.155717239825289,-0.1007709670824915,0.0270652569971923
330.0,0.3367767263968112,3.1434315919620013,-0.14953648946376105,0.009328492291109294
333.0,0.2835529130459043,2.6417367324470056,-0.06277416090983695,0.02045568266313361
336.0,0.28836969091902315,3.818800186005578,-0.08918797993706662,0.017439025038240696
339.0,0.2364533478614764,2.226047916295194,-0.0324691802774743,0.019504262244580007
342.0,0.17863610200262128,1.7996456401698073,0.024141912454964096,0.026524134263507856
345.0,0.12266793010425633,1.5520003975643153,0.02504727065120652,0.019982030099156944
348.0,0.11658193420037984,1.7584003025328472,0.034983050931009896,0.02236082197766025
351.0,0.09379945346409603,0.942497764033088,-0.00043404856943403045,-0.009349883938646017
354.0,0.11953694852402279,3.521304884023382,-0.02971335030465528,0.0017051543303556202
357.0,0.1700101189557808,2.4269707619211935,-0.010647957988724095,-0.041737512473004564
360.0,0.27544748106527034,3.582511905829829,-0.04726774485400119,-0.015101094746631594
363.0,0.4339182895226364,4.837805804936321,-0.09352196958897319,-0.04075524303907772
366.0,0.39616599747295306,5.162895119421491,-0.05062112143318831,-0.005676321969052221
369.0,0.29916587444228254,3.6618811880729187,-0.06813899301798394,-0.028507998326097503
372.0,0.3358822916957743,3.3317796523858614,-0.07971109593007435,-0.023290682360053064
375.0,0.3060183274260019,4.584028454779526,-0.06063217058214738,0.01489113959929817
378.0,0.3147735637368574,2.3601337270068847,-0.10931378793094776,0.008900027639100895
381.0,0.3523878457103408,5.267542322576062,-0.09205393307004366,-0.028232848632728413
384.0,0.35493769600744357,4.054071018243099,-0.14972622763511317,0.016229043185221108
387.0,0.3431470215805792,3.5934975089340333,-0.10848083304432331,0.012384557792291088
390.0,0.30815140463365265,3.7327717232537383,-0.03508667609746595,-0.019605840008307732
393.0,0.2917424538700572,3.9418667534204945,-0.09412012428508408,0.003848733415514451
396.0,0.2948861747031404,3.0662411813300694,-0.04237522035545612,0.006310038267085948
399.0,0.32697004666023466,2.6880277098455494,-0.0741658034124503,8.034597231128544e-05
402.0,0.24203195278750705,2.3610725284583456,-0.03078421523827837,-0.016196343643813987
405.0,0.17742241152565305,2.522734661169358,-0.024643782596600574,-0.019741145249281444
408.0,0.09512003931566802,1.606686943596948,-0.028146042863677043,-0.0087847313310394
411.0,0.07640523146095626,0.7459280539338221,-0.013416446155453267,-0.013724910631455024
414.0,0.07360495375852368,0.5937083081065488,-0.009546812502209606,-0.003709500849620193
417.0,0.11656908637172744,1.50110822043792,0.017667398843837376,0.015071480380714706
420.0,0.14813943477050334,3.411560153694448,-0.04633900095710283,-0.023696165803728075
423.0,0.18993226139357317,4.123453770444695,0.015423289894784923,-0.019283781068633814
426.0,0.26330085354687677,4.135035955945502,-0.0009281698264561972,-0.02928112317241295
429.0,0.28677729129265106,3.7280301562903535,-0.0388758980715772,-0.06835202443557838
432.0,0.24819515621392024,5.606425784389465,-0.001132267411583243,-0.033888751790410385
435.0,0.22061094754531393,3.6777625294206007,0.013410861723837134,-0.008880016975053891
438.0,0.22098594528757443,2.8819693346733577,0.006080313803061441,-0.03155882359084167
441.0,0.22592247460225776,3.2884008710527284,0.020810406621990487,0.0007406224051712887
444.0,0.23505212701378142,4.390871146634869,-0.01527592535720993,-0.023607709101458357
447.0,0.2416608691523337,3.288806465165537,-0.03306362891732868,-0.05587230916248673
450.0,0.2628924107900349,3.9742266418492775,-0.03418618563929479,-0.02383539147553615
453.0,0.3156097122469689,4.107770569546673,-0.09612422875577395,-0.0723097772589195
456.0,0.3037635821307389,4.026536312332303,-0.08970127767026058,-0.05783534889859758
459.0,0.3458126447125258,3.980360321539095,-0.06778863673949588,-0.0434978398363217
462.0,0.39735217082914864,3.928150687219421,-0.11422195934001558,-0.054770108437648686
465.0,0.38185961048998673,4.105446997910134,-0.08230138737017219,-0.07383401393577864
468.0,0.39208085462559505,4.751004910788984,-0.11009598853550567,-0.03684704621482445
471.0,0.35062167352416407,5.104317532890465,-0.07586546959073973,-0.04256764834950929
474.0,0.269988991448358,2.7435441605348916,-0.06566208634792879,-0.013642695895597459
477.0,0.17565298194119003,1.9250766707135905,-0.04220975686621882,0.003436019760787798
480.0,0.08153976075261765,0.7185932241623695,-0.013748278369716382,0.00063401297238228
483.0,0.11215470255510492,6.51647592518179,-0.006214649256581067,-0.016583698432453352
486.0,0.11548397494683924,4.266457243400046,-0.00988805274401056,-0.0034540091900063996
489.0,0.15890464693755263,4.881321592626696,-0.015831108294772012,-0.024011835491392776
492.0,0.19366442318161547,4.303843854164626,0.0011823999364805788,-0.03674629833777391
495.0,0.20779525892600123,4.5504721327368705,0.016191452407488136,-0.01874605580200994
498.0,0.2176196331096266,6.403798014807089,-0.007972761130409728,-0.023555458061440382
501.0,0.21009490371287606,3.6219988764770474,-0.01171165100142853,0.01804836175201756
504.0,0.2314553325030153,3.310412047623119,0.001658892084473423,0.04528992001914766
507.0,0.24198552235435242,3.9106421858141647,0.0043818059238034035,0.03527665298756921
510.0,0.24377690432797466,2.9594191034495263,-0.017364119704294502,0.015472248003628165
513.0,0.21955285248472542,4.015207546728269,-0.027759208028344896,0.01844354880761162
516.0,0.20527249067720665,2.53095807778335,-0.050686010751114834,0.008456747649388899
519.0,0.2395303919305518,3.9762320380551723,0.0023332387188899515,0.018650819365205632
522.0,0.21673376911814043,3.642750468307479,0.003213181534032647,-0.018625689093413226
525.0,0.22687519013915078,3.871728946261462,-0.004527490018085383,0.01749001607226459
528.0,0.20029288149991237,4.2227203571547705,-0.025008510479425018,-0.009268430799299902
531.0,0.22626883242386606,4.3504825568996175,0.003697140863293867,-0.01711210499718096
534.0,0.19763639534939506,2.0903825988225617,-0.008798488223188223,-0.017646553300988205
537.0,0.2298905441161734,2.0272417333430064,-0.04286029415375938,-0.059087216831697764
540.0,0.29109264957885406,3.178648107085019,-0.05809797415336443,-0.09204292388774034
543.0,0.28456212402116343,2.7124208384748356,-0.04367720672195569,-0.05091555522088507
546.0,0.26479094187593416,3.5465005818936106,-0.05502084869159453,-0.05136865675282285
549.0,0.263938815276602,4.24050436138767,-0.030750171938311366,-0.02096285721158496
552.0,0.21744011561978444,2.9412557279729286,-0.024380586982158305,-0.019383788518734527
555.0,0.14687491108724227,2.6204587622637807,-0.004797974392596826,-0.03258178686847068
558.0,0.13486466691915827,3.744042616889417,0.015206021602962073,-0.0403992785754469
561.0,0.14506427573222916,2.796167916915141,0.00777385255778362,-0.006304735337756855
564.0,0.17078740756360442,4.705533303127146,0.017868499955030856,-0.023567907687548992
567.0,0.17634620576350596,4.804994672055499,-0.006589520971760185,-0.009852254391253517
570.0,0.1733266376069131,4.486867932126984,0.03887852241001901,0.004100014214058114
573.0,0.26712022381870404,5.1895893484560105,0.014853434868250753,0.012019736336864824
576.0,0.17302154446507742,3.8510718473227956,0.014413927957166221,0.003178719004708849
579.0,0.1965429539156665,4.848567750283315,-0.002103198518675674,-0.04148126181317316
582.0,0.29083583647967476,4.992936272943659,0.043655704874551234,-0.03602888599167952
585.0,0.32291495406089404,6.314800364913448,0.046481972994648194,-0.021159284460140565
588.0,0.27969266540033366,3.8211094969575847,0.04493627592465798,-0.017054927156581697
591.0,0.32213665668607655,3.289964065740009,0.060962836710680535,0.024573066347772256
594.0,0.3233212641201078,4.702790996254999,-0.013192315868251772,0.008576205011038505
597.0,0.2694407067913248,3.0777263521603535,-0.018611412546271737,0.022893203196173953
600.0,0.2974669350912464,3.6975850338909617,-0.027036977759572645,4.935155561736811e-05
603.0,0.3087206176044286,4.343644246916063,-0.043016604422157406,-0.025434941256883958
606.0,0.2722358677696192,2.569850702801548,-0.053155036989884503,-0.0362687006962456
609.0,0.3228429999793735,3.6686581481778693,-0.05452237932847148,-0.06322572464069623
612.0,0.31187986156423747,4.058610524241649,-0.06690352970080274,-0.02436629792330022
615.0,0.3348282793594374,3.672014289611566,-0.051141289873450596,-0.03560022312142968
618.0,0.30324897799872935,4.586346773040555,-0.1026568442393137,-0.03266154224966333
621.0,0.32460686808997685,3.839053584198056,-0.049887335248991777,-0.08050158856504068
624.0,0.31592304582907227,4.914961625430631,-0.0651093106317316,-0.05910785650913787
627.0,0.2706795861869771,4.488441698790911,0.014946186681505678,-0.036656867704354196
630.0,0.22895622698094445,4.135390630928581,-0.003752870517479112,-0.06777268662163048
633.0,0.1295581729881048,2.2616449284425126,-0.0011131564952514444,-0.0273068057865136
636.0,0.1285740347349819,2.477018928180253,0.013107121789232349,-0.0245585409082515
639.0,0.16280646802164803,4.217909841766886,0.02068728302204729,-0.03776791787143478
642.0,0.15920879067106936,3.8245789738282103,0.03582514860478369,-0.021143100987372637
645.0,0.19477192955765452,2.84745702897344,0.015236017709683159,-0.021276848182235165
648.0,0.19666874997216519,2.8087801543716915,0.041959861639876764,-0.012431985623093321
651.0,0.2239327888343651,4.74007428706205,0.09642998055153595,-0.002247041204398998
654.0,0.20177835283753137,4.689861121230496,0.09015105539289539,0.0031785020293666434
657.0,0.24743449275524887,4.946365811294934,0.0444273676757718,0.0433133153318738
660.0,0.2676358662248416,4.005209247341127,0.051994927254641714,0.02630986398357682
663.0,0.2589297467149958,4.271339770575995,0.07033996320719405,-0.017180960010509956
666.0,0.27175876896408296,4.390417321112091,0.04985062846994188,0.021775024040652364
669.0,0.30707464508105836,3.387851910197753,0.06644525948873604,-0.01025202967778524
672.0,0.2618202183948124,2.701928659026463,0.06630036676673151,-0.007623794370028834
675.0,0.3171212594275026,4.198002432250682,0.051214731108345915,-0.013177320120630467
678.0,0.3001005648451931,2.5474852239113197,0.09735707211838088,-0.030612501143165192
681.0,0.2878314051653749,5.196900942769011,0.00635191431684397,0.0025588064784687007
684.0,0.25815216994935203,3.245860585180986,0.0016666493086657398,-0.0328581255552923
687.0,0.2555984295221337,2.895804112395031,-0.03361420247425616,0.022246580363214394
690.0,0.20742765755131212,2.7830210434435383,0.022398308895008854,-0.01892402154057849
693.0,0.20378545519619543,2.968523887950079,-0.004677810623999626,-0.03717646490509581
696.0,0.20720723043170652,4.267600562180911,-0.0028849592631681634,-0.011196574513576807
699.0,0.22970310296050928,4.783767137025611,-0.01287742889427844,-0.006572979619614242
702.0,0.17102294460317807,4.022423862195251,0.018456131563108474,-0.014593159180531046
705.0,0.17233577159950575,5.45225201853184,-0.017554374942309412,-0.026196173984481434
708.0,0.15393874761678053,5.247290113240196,-0.00976280462035849,0.007219519669620777
711.0,0.16399742269161063,3.772352024642638,0.035561203367096686,-0.0007426388764280403
714.0,0.15528725664277537,3.833762189864731,0.020008541456843946,-0.018371029651707112
717.0,0.1641183934855882,4.665768862839698,0.03592105447812158,-0.026616572108706407
720.0,0.21656776187660323,4.811754354496368,0.06191151422859397,-0.03975982116626103
723.0,0.248840931882113,4.565121030691627,0.0874622675758468,-0.018227031283171102
726.0,0.23111628955042376,4.420664098200351,0.10398028253703456,-8.91361887447459e-05
729.0,0.2825113400353271,5.914045658318464,0.0553460373274486,-0.030356549868477592
732.0,0.2759642587014327,4.86375783026525,0.06300723294591158,-0.026386394975994886
735.0,0.3470079304612698,4.315998520591643,0.07269721220582787,0.033877588858967585
738.0,0.40628423298463456,4.050509376434125,0.12961550408175565,0.004638783767040584
741.0,0.48969225137450784,4.428445604887873,0.14533362384780085,0.10159095069162727
744.0,0.5148165931150704,5.366856616996116,0.17491849758035272,0.013343474289840573
747.0,0.5681443498099946,4.6009689842796675,0.22586319784825246,0.07037241265057279
750.0,0.5217105188761586,4.563840137567243,0.16681797702721377,0.06536173972397591
753.0,0.6219537058877449,4.882704318268332,0.3507555927542622,0.038483011147512125
756.0,0.5121089500285908,4.994001664144215,0.1822994849645435,0.08323344177591309
759.0,0.5650829087791442,6.656521457912035,0.27750155499071166,0.004804296245465175
762.0,0.48388275206168,4.701499745749137,0.1445615969031522,-0.11180318468233412
765.0,0.6371061750768745,5.25781272410812,0.3956799622595426,-0.02558785848146701
768.0,0.4713931129156712,5.334798379385878,0.18924061630629635,-0.041629252534704515
771.0,0.355822517030717,5.642818990055506,0.05899560030627422,-0.035923324430293856
774.0,0.4142701028283808,4.7219383177116265,0.10576798427933748,-0.0180410107964931
777.0,0.29284993203587395,3.48859284891931,0.04001950155478804,0.012866708559423574
780.0,0.2535219198940534,4.663575116906521,-0.016984758208078404,0.04601865206935957
783.0,0.22680979623794997,3.564617931111957,0.01232479036242997,0.057885498403003915
786.0,0.22441056683445118,3.095544240967352,-0.004017604615272614,0.0564171701564778
789.0,0.20180261382587167,3.2158609750207,0.005516540827772867,0.04741430781611654
792.0,0.19945796560404858,4.612562575100256,0.038254852977062874,0.030063646843858007
795.0,0.18775246589247135,4.06256838020269,0.025256050998094626,0.013981054786999727
798.0,0.18102216580565092,4.825225119704418,0.025836160280872437,0.005669344590585008
801.0,0.21767834050588863,3.9372219390648038,0.0687289772610138,-0.0069062780869516985
804.0,0.2342540601218574,5.190212665167083,0.05189515786141549,-0.02607760074124076
807.0,0.21494224492240252,4.430659826388013,0.06015562620418493,-0.03325191052249559
810.0,0.22180889135165974,3.8050300986874372,0.0670423037599821,-0.061009450035834634
813.0,0.23213628792462204,2.770910127819128,0.024982508254845527,-0.059138115078531554
816.0,0.29105526207470117,4.569047243902635,0.05324643917880829,-0.078841832239938
819.0,0.3469422511067801,5.231812816193433,0.15550039804471583,-0.09885924447373587
822.0,0.45442527202235616,3.9567241724934465,0.25170210202366766,-0.03997100127898188
825.0,0.4142301141764231,4.898043376866929,0.2612386335220966,-0.006102966896494582
828.0,0.45746979087656936,5.919996668728947,0.17745755844297156,-0.04657598041748049
831.0,0.4466951459325815,4.838226756429797,0.18187061388309259,-0.14405739028339698
834.0,0.4236275676776261,3.4626010792468964,0.18401535262514054,-0.07174754689511317
837.0,0.4199679016894006,5.656233042112674,0.14021150041525737,-0.0040683606717198464
840.0,0.4499597003215812,4.753281857072584,0.09861420078617268,-0.05660315392666641
843.0,0.4227651374528938,4.055627894162697,0.15764684519536218,0.018723933740742823
846.0,0.38546413698929516,5.172927555599079,0.13928957967891092,0.0030998771239932393
849.0,0.3614013372571308,4.0622085661651655,0.14374846681235048,-0.004201420383584197
852.0,0.3272690174704961,3.5402788237792,0.04015345278854591,0.022538250594554925
855.0,0.3328520528136571,3.820409652969718,-0.0032339385277959875,-0.008024830643686297
858.0,0.3507259173667909,5.213492428021235,-0.05259898735081356,0.009784331030938497
861.0,0.2943111110012974,3.0731037540760564,-0.07414279094028976,0.001605801135578517
864.0,0.28759309026968377,4.645610982890298,-0.03986493170595675,0.007994034313978665
867.0,0.24450060193024203,3.8722629327547247,-0.06431186162219217,0.02089313757752356
870.0,0.19541135188326805,2.18853791482645,-0.04434229157055605,0.027673936698317723
873.0,0.17224221590129185,3.265344228472234,-0.025360327772379756,0.009395381371287995
876.0,0.16161242409066573,4.762010877362146,-0.01452459317263324,0.028289320478370506
879.0,0.14670390807106584,2.0937805837923573,0.0014484975146348454,0.011460186891809254
882.0,0.18036891057635912,4.574928074826937,0.013331358630582907,-0.017599200970552106
885.0,0.19339317118157556,3.369719386593959,0.03218118158879055,-0.025121335771904493
888.0,0.18594632873062766,4.574318935249687,0.035948767741649616,-0.0029566423614520556
891.0,0.19091752885431287,3.826115091709962,0.01948344243974171,-0.01959160180889057
894.0,0.21868741062344202,3.6128094891451874,0.03609583655605732,-0.021957020675654693
897.0,0.2462252347605391,3.167108500102009,0.06683319469793274,-0.04821592355355747
900.0,0.3091003913921072,5.443284730882109,0.05485863370451434,-0.02374101703831113
903.0,0.32293214453581215,4.398066054475165,0.07357341112246518,-0.057550039358509046
906.0,0.36230973261921123,4.739151842199061,0.07770900639721177,-0.09167307746815713
909.0,0.3808717920633476,5.587229821756491,0.06806858428170391,-0.07348689736722568
912.0,0.4026282860084327,5.518999696227149,0.10269379511526008,-0.1556782558829768
915.0,0.3896591399178417,5.063077699532681,0.0858765174001847,-0.10321190486075174
918.0,0.3790486162397909,5.047277656212268,0.060389300590105846,-0.11221331651266193
921.0,0.405214614540129,4.954485682468908,0.1361118786779647,-0.17762906645516716
924.0,0.41307134870710116,5.703639905954449,0.14243098097260581,-0.17834495284411211
927.0,0.4219611737262337,4.342452642119453,0.16908255425194124,-0.11056060794741045
930.0,0.5350494292629474,6.104339172076872,0.2670245511225299,-0.17235730585016343
933.0,0.5726661179220076,4.5665594164364345,0.3073644031474226,-0.03691456688925916
936.0,0.5467836382298741,5.947830902320515,0.2602957624564051,-0.13203760270985848
939.0,0.40741286024413687,4.7799813844539,0.1430373073396331,-0.12335649199045201
942.0,0.30346074044355,2.9266480868581204,0.13414536081140946,-0.039057548941871446
945.0,0.30639267658851366,4.8634510676405425,0.07124356609057733,-0.07976763764737103
948.0,0.2673785454839052,5.698981793626227,0.07182499725775326,-0.030614503273742513
951.0,0.24271486621524804,2.9740028959443885,0.07365835501418022,-0.04339093486419338
954.0,0.17855095954214287,4.820427349611274,0.021673601407474603,-0.0539466609173744
957.0,0.16518913203225252,2.550894282378005,0.061928130309723405,-0.008032633768544009
960.0,0.18220076466236326,3.266534198985296,0.05851809752397653,0.024871893302196284
963.0,0.18135548786048525,4.261285850792066,0.06416427899612877,-0.01847692662266225
966.0,0.13970258701951127,1.9641088868152183,0.04930429240143446,-0.01172372941090134
969.0,0.1661573572990624,3.925011887106408,0.036906159095311954,-0.018905846790071443
972.0,0.15219132373773628,3.5649218607550344,0.07173779846365692,-0.012176221005390508
975.0,0.2215948094479209,4.662537769382347,0.10643183334873806,-0.04170792715716931
978.0,0.2199025631062462,4.13978421601556,0.11055016504588756,-0.02677473406761482
981.0,0.2616699434010059,4.665188797973468,0.14463545562807748,-0.01773184467019825
984.0,0.3313723748372229,5.249276245134416,0.177611783658536,-0.047042791438447196
987.0,0.3377978701070856,4.569923015339934,0.14347437055316828,-0.05542093716401087
990.0,0.41609875482513875,5.705220841591312,0.24081889964636122,-0.06264967062560085
993.0,0.41562302160097775,4.613163429922802,0.22527316625916774,-0.05128192072433448
996.0,0.4515249377884233,5.4576149151067135,0.1983397845782007,-0.10220120472158532
999.0,0.4420411800511815,5.478038932758398,0.2377313547951917,-0.03376883956244715
1002.0,0.4256188943043022,5.224589204250139,0.19090910719038934,-0.006649588514872468
1005.0,0.438353407668693,5.782608696002647,0.22730972553646137,-0.08004975988388965
1008.0,0.4277135357164713,6.576167202680142,0.17815350475430652,-0.094024932567617
1011.0,0.4076770789095588,6.358322789357258,0.1696699518559762,-0.0054094332127434756
1014.0,0.47901840127943407,6.204939462883458,0.2028883375705755,-0.06873869858551146
1017.0,0.42217599583196413,4.574486678224322,0.19230226768782097,-0.014303660494973837
1020.0,0.38536129542045167,7.029917859646318,0.13853922893626858,-0.05610011459834671
1023.0,0.39184254789306266,3.6518220495342875,0.1335789118855298,-0.03481896331603021
1026.0,0.3215021811971724,5.267909088221444,0.058523452769549865,-0.018028750883921748
1029.0,0.27157150078891157,5.63710380231501,0.04052165766407696,-0.004269465277731002
1032.0,0.2858475685079269,4.721914738611112,0.08718795864058847,0.012435961644964315
1035.0,0.23481337864098356,6.4319829429355835,0.012302965054880934,0.0027715810462203704
1038.0,0.19807122551708758,2.6960624063395167,0.01310716005204592,0.02719360154482659
1041.0,0.2049072672151845,4.8246629448397185,-0.01649526392856745,0.00884223966150316
1044.0,0.1553426576562041,2.070263598633026,-0.006277035290721537,0.0018464405345393288
1047.0,0.12833582548430733,1.9788983932285884,-0.0163764496257217,-0.003929083431297376
1050.0,0.10387392913975922,2.3517718919165325,-0.006651633964814311,-0.007669698856155
1053.0,0.100304518415765,1.2490121790185538,-0.00036974292576092137,0.005535539503299904
1056.0,0.11394205062988125,3.3510777004276453,1.8060083046196632e-05,0.010238653709704173
1059.0,0.11756100786019782,3.113003281945649,-0.0036956883481591243,-0.0014835873484342185
1062.0,0.13005584081675292,5.921051444393447,0.013143495103808854,-0.00022263691995047183
1065.0,0.15285308071973963,1.96850784116911,0.051581580685189365,-0.005512497454235812
1068.0,0.20148948132085606,5.514164001931745,0.07121526293716172,0.005567631117254119
1071.0,0.2790333931667638,5.142979028593266,0.12508645953688496,-0.001300542886849961
1074.0,0.3171246250854198,4.270692096468143,0.14621034127060029,-0.04041097643153651
1077.0,0.3559768214006379,5.312120905934784,0.1625387412061998,-0.022819414539916264
1080.0,0.3808008329357445,5.212965091827237,0.21004708430706237,-0.039576770435196564
1083.0,0.3912038146704946,6.552559982029866,0.20919852049817467,-0.018081994249199193
1086.0,0.4160653933778832,4.798513156710241,0.2641969143552337,-0.08195099985411272
1089.0,0.46241689876162767,4.800267124278739,0.22557699489975555,-0.05734122456777182
1092.0,0.40830380616007034,4.978593766218292,0.18882700348527767,-0.0866418831669761
1095.0,0.42844954958769543,6.047123115107639,0.17206343678943437,-0.06783127159859663
1098.0,0.380571543336584,6.113417100864538,0.12606219173881877,-0.07025674163057792
1101.0,0.4242588436178629,4.228656052501919,0.21434463739916326,-0.055143709239484105
1104.0,0.48094603893339116,5.895008397813533,0.16093220802893324,-0.07727793969910285
1107.0,0.4444333302594173,4.7793361263061325,0.19752992129899855,-0.051686207551663005
1110.0,0.4527929307633482,4.640216075138179,0.24607675494305983,-0.043172859327747636
1113.0,0.4362613931148898,5.03244524295001,0.19050813864382937,-0.015900637999379384
1116.0,0.38076295115619707,5.195743034642307,0.13386560747203685,-0.025250976259035683
1119.0,0.34850085146802817,3.067461234603504,0.1367836699432441,0.017366331631812833
1122.0,0.3481901928231841,3.5251945759177192,0.10988123547298555,0.0015163293036859365
1125.0,0.2848029031713764,2.5803597343917306,0.05784299034252406,-0.02742687986630922
1128.0,0.2668959681797194,4.343583868024197,0.09014119577160229,-0.01881188918971841
1131.0,0.2630363555858904,3.6372646133882847,0.026376291448742994,-0.028544354206197928
1134.0,0.23325616076943254,3.9519041565847437,0.013674714979382847,-0.0301406929278724
1137.0,0.18129724648700066,2.630225999409011,0.02467679711652276,-0.003229341467383759
1140.0,0.16079850989531133,3.0026178917343183,0.013656062418271376,0.0028237752485025403
1143.0,0.14689156008676071,2.5168955045916217,0.025659118528069676,-0.0209616054664439
1146.0,0.11351842552840234,1.8952354524785642,0.007608545541899053,-0.004148941335840023
1149.0,0.10460536365783257,1.7781559850252795,0.020662699715184328,0.01472065749051674
1152.0,0.11464375766359619,1.2934908032526764,0.030271899278134045,0.0048609718079134535
1155.0,0.11305778904529763,1.2820749937080238,0.006289556498049487,0.00270095502560703
1158.0,0.12328792012488651,1.9538340935817218,0.01313326462042601,-0.0015076280313167907
1161.0,0.1604666787691965,2.7808980789789515,0.036837003013065334,0.0009322091258154872
1164.0,0.19250983681907186,3.4377155355963676,0.03932948379605854,0.009206624874277387
1167.0,0.1822344650808759,6.096485976815801,0.02285536263145791,0.004430802698440626
1170.0,0.21893145240195355,3.1177654629103815,0.06475815348459495,0.007887151544260668
1173.0,0.3065679739994339,4.7854194144790645,0.09365379914570612,-0.042179936968388995
1176.0,0.315488755532308,4.325706021684194,0.09757625915502777,-0.002265373708380008
1179.0,0.3748174849061807,5.194558032031514,0.17581366259277284,0.006438704976318126
1182.0,0.3202763426025432,4.8550609922464085,0.13191118267174237,-0.005529453725267677
1185.0,0.38823352024200286,6.311889467728736,0.18117812197341265,0.05169946086912268
1188.0,0.4127727870691942,6.027964382643191,0.16416725619292877,-0.005697626943156677
1191.0,0.40723180251099333,4.12951210001562,0.15580635424019987,-0.04964389239933663
1194.0,0.45836810217707297,4.632937806937515,0.2366214942078777,0.0070135178084272855
1197.0,0.4025422317352271,3.7055910917642083,0.18585167164048053,0.017811603695611005
1200.0,0.43630542735052513,6.373137168303057,0.1873309331245732,-0.05200000263065321
1203.0,0.3589252556497582,6.214473075721316,0.1218336877635289,0.007678363648833378
1206.0,0.3981212662457239,4.8595930381462,0.09376833807376427,-0.005645958297441919
1209.0,0.37393002805715136,4.3879172766551875,0.1099412126107947,-0.02473990379386549
1212.0,0.3292151114893339,4.070495717700938,0.07507737843225441,-0.026365927276541957
1215.0,0.34034473529670056,6.036851196202468,0.032102213403769175,-0.015013920143250984
1218.0,0.30114355726898834,4.84810518749808,0.03142325884236494,0.03065749257691843
1221.0,0.2567062498830898,6.0097971228923,0.021324255866993207,-0.013115189844569657
1224.0,0.25924472086367134,3.0991718148608234,0.04728244585970744,0.013555208426671345
1227.0,0.22006209185785713,4.661788788872338,-0.002364282682009941,-0.03694503374162697
1230.0,0.2004643966869008,4.703788920023239,0.011375718776099417,0.02910163622649849
1233.0,0.21672389041865833,5.202373412069739,-0.013650154406392317,-0.04721233036158114
1236.0,0.1973231910310955,2.5393433984736937,0.02348959022101666,0.024640951572320286
1239.0,0.19493580894553125,4.890101989642432,-0.0009304687810135826,-0.006103689432872461
1242.0,0.18692920616633066,5.122340420460819,-0.01692221314387613,0.0124975169156638
1245.0,0.15134576995472518,4.478785166099763,-0.005617382776109717,-0.006128794897588371
1248.0,0.1350541757893054,1.6255323420778829,-0.007581974468512624,-0.0012519963841965652
1251.0,0.132257755518205,2.28448394649776,0.010395630818103942,-0.023659341880895933
1254.0,0.10313299078401574,1.8139426612497367,-0.004908495728351972,0.0012515186541986276
1257.0,0.10821991823204609,1.4036653395166987,0.012432193628589388,-0.014196843826052788
1260.0,0.13362546428247407,6.223742546358045,-0.004428700059556713,-0.020321234449336784
1263.0,0.15126089588082842,5.332051282656054,0.023731757879935336,0.002295672940128582
1266.0,0.17125133411342183,2.60578515696372,0.043378986651474924,-0.006613324511536952
1269.0,0.18298705547625133,4.7865052017517655,0.036870183939763976,-0.027972663332886952
1272.0,0.2225472322989064,4.790122770884315,0.04589294660558574,0.0009298700798683799
1275.0,0.2885433684550192,6.021500596095462,0.049697134201639376,-0.023883637565628564
1278.0,0.3203293730817501,5.205003825965444,0.06395412801688688,-0.016015567746048204
1281.0,0.3646428879393086,4.566712111347496,0.1255662644911148,-0.005576322663104216
1284.0,0.4218263647018613,5.784341144411992,0.10797792594085444,0.03020297499800319
1287.0,0.3660479719951111,5.761252744624174,0.15837009031377147,0.02346502470465813
1290.0,0.4116189912375834,5.245755789034375,0.1748657228834023,0.030700907145280676
1293.0,0.4067117934333545,4.456499665844794,0.15262537837868345,-0.018015671566196417
1296.0,0.4574461793027761,5.981817078921476,0.16407415187536953,0.05364703929762903
1299.0,0.3912824453528096,5.783347672994043,0.13442817039704716,0.009542570791721243
1302.0,0.4083787336865705,6.569117547587264,0.13371396855944698,-0.041841078206748754
1305.0,0.3896450282362666,4.972143022833986,0.12817523762253505,-0.05315485762564112
1308.0,0.3446039938393104,4.629474697551261,0.10492043692825884,0.01071908862054219
1311.0,0.3226612711276567,3.145063632172834,0.05073137939032249,-0.026610627815345806
1314.0,0.2745846901018583,4.177045241167876,0.04228245671978257,0.034538011314682565
1317.0,0.2718803362584879,2.7971606616187388,0.02321203050806491,-0.0352519945720248
1320.0,0.274565360375869,3.263289140766657,0.04382800401405351,-0.0196860753658348
1323.0,0.2466955799801112,4.833195851494287,0.0026183369853847375,-0.024442380955841038
1326.0,0.2358769657013456,5.101237940893961,0.015413461405928143,-0.01676441853468347
1329.0,0.18789334461268598,3.0130838037496708,-0.00034482812276430885,-0.03769728783622281
1332.0,0.21096612488631053,3.3395848970106226,-0.005360418657317662,-0.0009823888374661106
1335.0,0.2127852699159854,3.9040158586783305,-0.014155522042458044,-0.010975374443301785
1338.0,0.23514156877683912,5.247434820293805,-0.01966042418043206,0.02147632200099737
1341.0,0.22613729020237655,4.428750385715025,-0.007145731846815027,-0.007564935100540778
1344.0,0.20614521326489837,5.115892771252163,-0.008988049254695159,0.019475552670293744
1347.0,0.2027415870844317,4.150839956648651,0.015680482503566646,-0.00597697416815095
1350.0,0.14676912116015584,1.6321277267897323,0.007941731024212743,0.01569644557261436
1353.0,0.16038249678111355,3.4274141576527066,0.008364354337717353,0.020444543514682882
1356.0,0.12411473526177146,3.3577495207974013,-0.019029336178592288,0.006380109645149354
1359.0,0.1427369883955913,5.8216017401747715,0.002523611874404618,0.008868573158361386
1362.0,0.10214800372968051,2.24973230404866,0.00897501437855531,0.002439476108249903
1365.0,0.10934459868538716,1.2946797350267734,-0.004336929052373822,-0.0012919215939666783
1368.0,0.12883433510595516,3.298136628483726,-0.017253917559644203,-0.02013693763303372
1371.0,0.13177987146778583,1.0562556446067781,-0.00808467327305466,-0.038145601292140126
1374.0,0.1490591869072995,2.7747374571046146,0.04888163010109097,0.037123094220121236
1377.0,0.19459839801731724,2.7066813728794092,0.04554479229637249,0.005805110756786139
1380.0,0.18022445737237336,2.918519412889653,0.03428291276134185,-0.010485710494015567
1383.0,0.27954268915566993,5.997881302800628,0.06767228334182779,-0.05312885313418452
1386.0,0.2674507309604374,4.971414543849382,0.02145260333235142,-0.0029235160805991377
1389.0,0.33604471616852827,5.884427305532034,0.07043419475730019,-0.027145314677799775
1392.0,0.35164262331601814,4.425073639658063,0.08211536207994347,0.01988716740451802
1395.0,0.4164788843982013,4.388439931884398,0.12990019594457095,-0.021260132316255665
1398.0,0.4366744565291997,4.8808790179376205,0.1205549057145283,0.048234584457588346
1401.0,0.43110340200082864,5.058162037943678,0.16642504175372663,-0.0008788444765382744
1404.0,0.45877216147635397,5.529175719205282,0.1686331287794381,-1.099302910880305e-05
1407.0,0.39861108140335944,4.115302154813378,0.0522623026348053,-0.08335764319075557
1410.0,0.38947587446232995,4.039051430735002,0.13532271995263864,0.030071926943065434
1413.0,0.380567156635598,4.9421930877814475,0.10596128627263698,-0.059613772521135484
1416.0,0.29792220016166,4.655819282091354,0.0697643541374084,0.0035273536387978046
1419.0,0.2621903448876115,4.939031596660625,0.06447299826266475,0.007779867686161168
1422.0,0.28913631545252416,4.279543240862148,0.04696206027466457,0.011351317621107252
1425.0,0.27475498930326087,4.394159761844473,0.007932860284370489,-0.05693481292656744
1428.0,0.2366994141167421,3.1407814854364076,0.0015817544885348169,0.00611469092648262
1431.0,0.23699688399288657,4.359462302449997,-0.005555180231646447,0.003868985948184811
1434.0,0.24892838653129676,5.122353071174142,-0.003036102028101439,-0.04047386973008574
1437.0,0.22348899982207016,4.146328106321314,-0.012126085524636275,0.019919129812420455
1440.0,0.24258986210379205,4.632834035915232,0.0018030800847826604,-0.04774403517179488
1443.0,0.2585545749321572,5.47302647404495,-0.026322230608576514,-0.015340424012269769
1446.0,0.23829040600261764,5.605016822792213,-0.009719437091990923,0.006447508010234935
1449.0,0.2626038336678844,6.11188340505747,-0.03622008648709609,-0.024687243517848838
1452.0,0.24933651161504983,5.678421715186268,0.019318485758886172,0.004056797243096847
1455.0,0.20432192036439542,4.629204908298766,-0.03349574413163291,-0.006728700178378027
1458.0,0.14448928537683606,2.3445848188887743,-0.0015235441702970583,-0.0005493844646129754
1461.0,0.1820375713040575,5.251017011213249,0.021888087818231677,0.020921656481486892
1464.0,0.14168866215739712,3.334443765430677,0.0034098713147394906,-0.02414270225432961
1467.0,0.15738455037316768,4.991027563579491,-0.005524068716070007,0.026971678890829028
1470.0,0.11817741238783429,1.5116087302439172,0.001279478459362514,0.000987693378429407
1473.0,0.1250938210794932,2.6573138363485294,0.014148766738326744,0.005242310903608518
1476.0,0.10603315787635756,1.2920020335019604,-0.021461681649534412,0.004150764539122291
1479.0,0.1199437502594455,1.5300793739169793,-0.006287273970847115,-0.004276203378478323
1482.0,0.12424009916649398,1.4567734028708685,-0.005955792088813047,-0.000784606078316315
1485.0,0.13806292175859863,6.254021724744713,-0.00481442846606013,-0.0072054568667697565
1488.0,0.13281049890989782,1.803383559847174,0.007659650045587706,-0.00013743237181043037
1491.0,0.20024189583692473,4.721569537809681,0.01472343055730555,-0.01687592479945277
1494.0,0.17482439269291236,3.300255629167243,0.01473682261425026,-0.02266010472048331
1497.0,0.24979122143181812,4.722427826799194,0.08725076394405552,-0.03031115768475371
1500.0,0.2697900262313083,3.9965965535942196,0.04962749393502063,-0.016189128090003817
1503.0,0.2811665513142238,6.54215325987061,0.0682204746291768,-0.04132539004478289
1506.0,0.2906462265838389,5.165685063169243,0.04265551078181835,0.03587232485455044
1509.0,0.3033301295904493,4.520695815654519,0.06972335171551838,0.0005414803263403939
1512.0,0.3073705442261502,4.476984032778629,0.10660365303920229,0.012896836176051207
1515.0,0.3976790506060331,5.733977058545329,0.07575433038203772,-0.0012239715086108586
1518.0,0.38801593427659375,4.580253036418878,0.14138889178533537,-0.032633992213622474
1521.0,0.3474483780284331,4.388473009929492,0.08661238853000847,-0.0035717970381448924
1524.0,0.45102422032491013,6.313029311091886,0.19017077042386377,0.039327842367488354
1527.0,0.40994389242380364,6.386902589459805,0.07011814032450484,-0.025316094456461043
1530.0,0.3086872917502819,4.847349095871473,0.038408320708404206,-0.019590548348161912
1533.0,0.36051321977974027,4.387607580256646,0.06091056230228058,-0.0036016656853279914
1536.0,0.3346210601303514,4.894217768061899,0.0712445033583162,0.04148683098230105
1539.0,0.28399123651643976,4.9735497411400535,0.0006395933105651611,0.0028958147449294736
1542.0,0.2896108038793627,4.193585625416052,-0.044213770531976476,0.0269409913313873
1545.0,0.25664561465945496,3.40281588419473,-0.018717250411961723,0.022402073063303576
1548.0,0.2149852860762379,4.867777314040085,-0.012448349883512178,0.007546040624419679
1551.0,0.2631351731840573,4.094019130275078,-0.03245416505963253,-0.0024011525607463753
1554.0,0.314352158853972,5.031273527172674,-0.03017035959713451,0.02275476597734298
1557.0,0.2313288161849749,4.630046074643564,-0.03910320452326195,-0.03373132745834103
1560.0,0.27142647335631337,5.7439151829440815,-0.09056376451162391,-0.018195929362520846
1563.0,0.20642123461867565,5.007573727679284,-0.0038058418499617255,-0.03890798060624217
1566.0,0.2388012810202662,6.378617124575572,-0.016240797197874777,-0.018181685859759798
1569.0,0.22818523651409514,6.426215813692413,-0.00023036526073110457,0.015773051067892514
1572.0,0.22637772535894404,6.2530493740386515,-0.02348928090890713,-0.051676396791153364
1575.0,0.2093968289336784,2.6587126781325163,-0.013108124500948379,-0.0007261379441868893
1578.0,0.1551014875353105,4.153324850882385,-0.020036878000407345,-0.011012461171281962
1581.0,0.16884713511065685,5.75642130411305,-0.029811656000312443,-0.013942629273881405
1584.0,0.2000192499893574,4.481784912917647,-0.012265895068565997,-0.03780616700332722
1587.0,0.16861928253425856,4.640928268317734,0.01861687942384359,-0.004436922432649938
1590.0,0.17889134321428557,3.966625411183182,-0.01642043750991294,-0.0010692776002874916
1593.0,0.13841358297127904,1.961606925206393,-0.005857818308355721,-0.0167343052933451
1596.0,0.16110192902373216,3.0759166947938756,0.014691658138083518,-0.004418086241724658
1599.0,0.13362826142642142,1.7512866942752974,-0.017335205560285404,-0.011584886501549572
1602.0,0.1630426575086398,3.5424303337689818,-0.0007978712769599187,0.010415581420487166
1605.0,0.14036463222934847,1.9276169398816765,0.0007200225746777011,-0.033683180787130076
1608.0,0.16897197434605324,3.55798058946592,-0.0004352973731096013,-0.012170769442700957
1611.0,0.1670257006250537,4.672049369483576,0.010925399637718661,-0.025733983094323096
1614.0,0.14688527419507855,3.3393499976376813,0.004435676733597334,-0.005862592372957036
1617.0,0.1725834104426039,4.5975406200950655,0.04147334639147763,0.00554014031486661
1620.0,0.2241016966829582,4.3216253961731335,0.016643743430483793,-0.016921672385443707
1623.0,0.18941328680024033,4.697366009076132,0.03874610134085323,-0.02681551777426782
1626.0,0.23881423481538552,3.1079186067199043,0.05792706882996315,-0.014133988571438477
1629.0,0.2977930797040844,6.01361624111999,0.07412085296040975,-0.03952578086151012
1632.0,0.32378362458173127,5.885466151571163,0.04596534140182949,-0.020967018200114648
1635.0,0.29925285183418676,3.585184190861093,0.0851080958471336,0.0037261498726750644
1638.0,0.31690935358743694,3.476778719532315,0.022291297984598262,0.005577177445072511
1641.0,0.32150823447795474,4.882511076051794,0.017084725770898923,-0.007460383934646762
1644.0,0.28947155554625004,3.617957817117743,0.06371333354369339,0.018261231760841257
1647.0,0.275724014585368,4.936519973120873,-0.0032361759033486433,-0.05163562944148127
1650.0,0.3256463769219792,3.9390651528656395,0.04142582192267793,-0.0030707625827720306
1653.0,0.3454537531125506,6.323084066343037,0.0070348583025094955,-0.009823283265285846
1656.0,0.2461594487047339,3.8621369713152696,0.03188523505586287,-0.03843660879567105
1659.0,0.3034143012679051,5.250832725589944,-0.07067507201375949,-0.003716294558780515
1662.0,0.21116080197660608,2.3094046886360964,-0.04219429424774378,0.001758378555630401
1665.0,0.23191801749902446,5.250952810982378,-0.007986446275719095,0.0324166924945973
1668.0,0.2470287515303656,5.876908195482233,-0.01822182944814886,-0.04837826856204204
1671.0,0.18378348292967586,3.9216812585235385,-0.030931517604759443,-0.022705612234285348
1674.0,0.1614430562463487,4.588240760125216,0.004642270964597663,-0.01787187488172995
1677.0,0.17179144910426133,4.832868771153143,-0.032012613867924325,-0.005116758727575799
1680.0,0.10839567472346771,1.267365420933778,-0.00039530477562988543,0.006368267869950408
1683.0,0.12463426710442352,3.937024688471396,-0.018584234341863782,-0.009128751171152
1686.0,0.09550786901729354,1.913424520466775,-0.0112735600282942,0.0030712036236359474
1689.0,0.09977419570228184,3.417928318636922,-0.0033983255114962904,-0.013135995016398817
1692.0,0.07391890947262472,1.0373232776037986,0.0005312756405439702,0.01150257405627473
1695.0,0.06513329331270516,0.7568826158913721,-0.004829475297501671,9.523145900024489e-05
1698.0,0.059064658494925135,0.6822773894406416,0.0036993639932768768,0.0009738952002213401
1701.0,0.06141570106544082,0.7068115001424166,-0.006940733350391162,0.005402557274573503
1704.0,0.05742260176569484,1.1422153827158328,-0.0057549406372796475,-0.008405358484003233
1707.0,0.052438780804277337,0.6502382724483265,-0.0028328714692815627,0.004713295079426343
1710.0,0.059280951621314124,0.4203973251964888,0.009794764355191606,0.0022501930187371643
1713.0,0.05738910835272124,0.5159677863647314,-0.0068378871044652905,-0.005393061514162552
1716.0,0.06789203371888693,0.7424811560116025,-0.005778861287592083,0.011120266515958769
1719.0,0.08931469749602106,1.1222236732351198,-0.011400632693381277,-0.010211891836448335
1722.0,0.08136558242882548,0.910419238763093,-0.0020303530543223374,0.008220036617617396
1725.0,0.09778983290987309,1.269175856484965,0.002196181488595351,0.010118859029918024
1728.0,0.09586351021402098,0.8307310602113208,0.018429428904619946,0.007998922087942681
1731.0,0.10787184645705626,1.0433221022820445,0.0037832165215552446,0.027887852601798095
1734.0,0.1146249941293491,1.3902502696605312,-0.003567383501014443,0.007925694550419983
1737.0,0.13117705791486373,1.6782773164260545,0.005319690807962305,0.007521343669830835
1740.0,0.12280524725433033,1.5604870926152674,-0.0026170001087273535,0.008958544094952075
1743.0,0.12406651181965744,1.8298544946347648,-0.0037888967730357924,0.0030644808182921936
1746.0,0.13466430421155026,2.84732047123256,-0.030018060374782413,0.0033554092274004394
1749.0,0.12940656887485172,4.5572311553438,0.0005323208714544262,0.016468157380957256
1752.0,0.13373225690518822,1.3858948587114004,0.0055457571785028185,0.01697407838273951
1755.0,0.1092003561418409,1.2096094825771277,-0.012007420463947307,0.013234206104030876
1758.0,0.1118128034795379,1.508221836770938,0.0018070819568892626,0.018705188843053965
1761.0,0.11679093586400933,2.1505868183813726,0.005126346739255359,0.007177502636659485
1764.0,0.09761485280449028,1.3066123235293168,0.015607477653096162,0.004592914605121058
1767.0,0.10659580393767831,1.4817959458725545,-0.004713145445940903,0.020051559876913407
1770.0,0.10976045122289123,5.562710585212757,0.007107231606641283,0.0005097350081302117
1773.0,0.10228794097426953,1.0820166321608702,0.0014591793819526628,0.009506976457188733
1776.0,0.09159605540434014,1.1965631507853285,-0.00655296565362709,-0.0005360876401200774
1779.0,0.12331970732325473,3.4961168846309283,-0.011388340649145066,-0.0018602789941712396
1782.0,0.11338189851787271,6.175408315244573,0.0112593108086458,-0.0019138076046099567
1785.0,0.0780916370761905,1.0574354284068994,-0.009122857961013657,0.0015001890332210445
1788.0,0.08733915462519679,1.0773729859671073,-0.0007192992352428966,0.020545446342546448
1791.0,0.08510315706905057,1.2727739692771374,0.004560266040643721,0.025942489952287758
1794.0,0.07128155885491902,0.6562904440481622,0.006531603977587618,0.008996150352398279
1797.0,0.0959764299428124,1.7704522476679818,-0.012453547225418634,-0.030436258166406417
1800.0,0.09971218280793148,3.5484535784603324,-0.0027593104960016556,0.0025699585781767094
1803.0,0.07724998178544686,1.8503586346562673,-0.00949662745051242,0.005273398849290035
1806.0,0.06778524784703005,0.8841553585196411,-0.0016799055430700776,-0.003817650736016717
1809.0,0.06632459157167633,0.6405518245835892,-0.017206289420077094,-0.011851384123677044
1812.0,0.06015813899515392,0.6108478907397091,-0.02361402083687702,0.0012441624213281204
1815.0,0.0590646721158042,0.4400159589709951,-0.012036677873262272,0.007973364876101001
1818.0,0.05331603873209574,0.3803172545604188,-0.007608618316040933,-0.003996740405652645
1821.0,0.04996778480874364,0.3197708985633644,-0.011485500794072892,0.0007344238786305755
1824.0,0.04866875837791128,0.2843130993714156,-0.012935900752182023,0.0009329536237656459
1827.0,0.04862367147033099,0.6316020703976731,-0.0014474731847728133,0.007329588616262415
1830.0,0.04808765748151686,0.1780863080160758,0.0017267279433883878,0.005457372544610827
1833.0,0.04284597646938441,0.18916653326110827,0.004161254713322617,0.0038061502617559514
1836.0,0.04919550853563112,0.2698758873663734,0.0012875038723257546,0.001435305622805141
1839.0,0.04906192615782856,0.22152400082626766,0.0017129353614582317,0.002875413146417127
1842.0,0.04903795155203498,0.2845133309402945,0.0011210280039461358,0.01055088735961465
1845.0,0.04558387003805545,0.2546185485658859,0.00024030026417264878,0.00822119866053409
1848.0,0.04757039282491394,0.5564100815986747,-0.0034789471642406333,-0.0034180305908162486
1851.0,0.049681715969016806,0.27124408990199955,0.009492558120155708,0.011531629510510689
1854.0,0.043556485662430214,0.19144144203820845,0.00060435458619812,0.004830556821349945
1857.0,0.05007724146470991,0.2749538867558657,-0.0005639482500555689,0.010859396032844644
1860.0,0.056384131568089885,0.6140701572389994,-0.003022919101767253,0.01085211802614503
1863.0,0.05972534207623354,0.744458452776141,0.004874706584291648,0.016415068636003855
1866.0,0.04834415145247569,0.3876108086689654,0.010259109870661655,0.01518671420233044
1869.0,0.049139651847370736,0.3247327372229872,-0.013703707149400559,0.00939242603018977
1872.0,0.044971378027941725,0.2841662432741706,-0.0009427690150283275,0.008826007870060791
1875.0,0.04356417184795746,0.2933448358561107,-0.005066855436811407,0.008853685443204752
1878.0,0.04232578415099646,0.2802842077404283,0.005066189343317713,0.012768958152951154
1881.0,0.04406645594129415,0.44844578446204525,0.004260974185215753,0.01981153801823286
1884.0,0.04045299844742804,0.2288730572003177,0.0011725935194000243,0.011943671926423758
1887.0,0.04072413329920163,0.23150299139059907,-0.006792562432615935,0.005913037103402828
1890.0,0.04309364750536904,0.1841131505787655,0.0024464318421841026,0.01064352843511466
1893.0,0.03899496231481144,0.2511629153200371,-0.0036450391718829108,0.0025946849306035277
1896.0,0.03619101777300603,0.24921443295954046,-0.0024837899416429634,0.010603148612055788
1899.0,0.03924957775580935,0.3558466884981771,-0.0038259243313965535,0.013651215535241608
1902.0,0.042320206457483585,0.18867505986384528,0.00457007534950173,0.019641793196509643
1905.0,0.04042588466335361,0.22346876528897258,-0.008911900345809161,0.00824883532762738
1908.0,0.03709859222450426,0.40237266652959,-0.0030265858219066925,0.002816316217720108
1911.0,0.04079796723494706,0.22877214487331426,-0.0066087577528868525,0.018177547564957947
1914.0,0.03529357575499448,0.21076891478444243,-0.00047677537759364513,0.0046017481795801165
1917.0,0.03920951891339241,0.2154688582311837,-0.0031299392046190877,0.011075112140192567
1920.0,0.03672618485404712,0.20119782639784053,0.002669397294010278,0.011321743408483792
1923.0,0.03543143680565448,0.2634753019055844,0.00038528300910821813,0.002011003134095401
1926.0,0.037065098906720086,0.2044792691892061,0.0026562884391851723,0.016876476327424467
1929.0,0.039335472598555445,0.18541797048642847,-0.006926146697120351,0.0144661041451799
1932.0,0.03935645891128302,0.34008634475331867,-0.00030687053788939036,0.01579866398959281
1935.0,0.03792440354061574,0.254439392710601,-0.0003870704542122144,0.01027788950393198
1938.0,0.03598341937302381,0.2428245426466866,-0.006685028253378749,0.00045056339543321066
1941.0,0.03678380733703059,0.26844385005414867,0.0009026984258379544,0.013522741928554051
1944.0,0.04425090399216731,0.4061036707745749,-0.000701274968807498,0.02172585639213914
1947.0,0.03327669138598257,0.2507692441347464,-0.0003495078429639198,0.005208350456123057
1950.0,0.038884680469525,0.2229581090894977,-0.0049749200105779845,0.017322823027636262
1953.0,0.040327106526648525,0.2478014225327507,0.00016853972500119395,0.0159236581955755
1956.0,0.038296287354535954,0.3470067767314368,0.0021191145710798285,0.008513473137267396
1959.0,0.03500649819959998,0.21741591367724047,0.003156931885590251,0.011451331017124188
1962.0,0.0366020649929769,0.35226856179866767,-0.004510607243383866,-0.004841256386521142
1965.0,0.038141138703828466,0.22126363688530862,0.009075591223431661,0.01029283980626202
1968.0,0.03699596348382791,0.289275458165445,-0.0027193407957084026,0.0042470026803867154
1971.0,0.03611023305293277,0.24432876606281956,0.0024067849943628025,0.006745726060467292
1974.0,0.03797216976733953,0.32559372090133587,0.0016947884210937727,0.007199374685847268
1977.0,0.03710321748722978,0.26700823954162634,0.004257226489066513,0.011854858607283355
1980.0,0.039300837671298196,0.592874160159173,0.00010956958141232195,0.009411967680490263
1983.0,0.037372579026377355,0.18511975635240288,-0.002363998078164651,0.01181624530142347
1986.0,0.0346859459743056,0.2538991049226925,-9.441705424446829e-05,0.007464304360076496
1989.0,0.03339624095241035,0.3076557558645687,0.0069149067151115535,0.0044950360748229196
1992.0,0.03385227131357662,0.3694961779782797,0.003616766125688933,0.011250924277433428
1995.0,0.029917102786340983,0.14952583986941342,0.005556962907660387,0.000687751919490842
1998.0,0.033481810170165625,0.26292187985732585,0.0018644480146340612,0.011393207162322328
2001.0,0.03414794005524361,0.2557439582152292,0.006818436520977747,0.0027039489656144507
2004.0,0.03179176665521038,0.2765174501244064,0.0027957003367566273,0.006726562822917727
2007.0,0.029779631868983112,0.3099796813740056,0.0023071100013009704,0.004837405940147229
2010.0,0.032745188141147144,0.20601527183830803,0.00969993670370202,0.006068744515121212
2013.0,0.0304254888616543,0.27802395929399354,-0.0011828369294421316,0.0054293968897627535
2016.0,0.03007710740984695,0.22750519525463417,0.0018855562296934017,0.0026811816331048354
2019.0,0.031839700268678967,0.16369652386226363,0.005860945794767329,0.005594885685694764
2022.0,0.02941982549925337,0.15624586701854878,0.001900244364818318,0.006038308489418228
2025.0,0.030383405976845586,0.16839226287688377,0.007257139529646218,0.007482075940962334
2028.0,0.03226270408081032,0.2036860082843341,0.0069926143669891624,0.0046488465888495055
2031.0,0.03150635188110743,0.23864074137041857,0.004556131098092753,0.002806988171060515
2034.0,0.030378265167300283,0.25642180825499955,0.003931085105381771,0.005732196435034394
2037.0,0.028011027705938104,0.15674255750184612,0.0012257719739700522,0.0024835619272347426
2040.0,0.03191045759888748,0.1548866522658974,0.0015695881254881607,0.00808725954883683
2043.0,0.03408589515506884,0.31008056215488694,0.0031424667720866273,0.005348786338026312
2046.0,0.02800288918361176,0.1609800843947625,0.005731689241445324,0.006085254968689065
2049.0,0.024994127434609624,0.19023402954560617,-0.000532949420618831,0.0002279460195947806
2052.0,0.02932573030396987,0.18926268669770752,-0.002139013412840027,0.0073123655709482465
2055.0,0.03031336009576565,0.1706048505549053,0.007897406225937023,0.008862091017466963
2058.0,0.028306779647407042,0.1308182689317497,0.00032341469410468394,-0.0021571624430021074
2061.0,0.031517122236121686,0.25594369861537697,-0.0011441408167911715,0.0010246744287386938
2064.0,0.029696035049213445,0.14320284253707444,0.007801120624022463,0.01015413226587736
2067.0,0.027084043032837228,0.14157881541352713,-0.0014601956173455272,0.006890188103788263
2070.0,0.027582939444774756,0.25543011577404273,-0.004564390323332772,-0.0004590726679969756
2073.0,0.032309091301791056,0.5591409860751186,-0.0015401613786443162,0.0016398398652142856
2076.0,0.02868165817522238,0.20481947903224218,0.0034478739190725374,0.002303947454048614
2079.0,0.03090361089038981,0.20874485881604005,-0.001547739268639633,0.010573161660722244
2082.0,0.029617612739224537,0.17028220989057227,0.005618283802591261,0.006284640108362042
2085.0,0.027004694025519502,0.30895087578950897,0.0029627997587500688,-0.00035955132055325224
2088.0,0.023364414416172503,0.3687568281407493,0.002573974979259985,0.0025125211873869785
2091.0,0.02820462425323289,0.30863833556183135,0.0029879862555971955,-0.0027252768805262188
2094.0,0.0321337903120374,0.45196495148478977,0.005878262209994447,0.006473125646254244
2097.0,0.028654825705259908,0.2784844983424579,-0.0001413527357634771,-0.0020680928472544434
2100.0,0.027165974709112552,0.09604988117047504,-0.0005588496069404619,0.009154281573675352
2103.0,0.03235735778217405,0.35350714248215814,0.0022570904780620875,0.0007091478070383365
2106.0,0.03008280885307984,0.2511247365321805,0.0061152727780966675,0.0038170728252903212
2109.0,0.03873948054792592,1.053095316388997,0.004008121610223168,0.006884939563806845
2112.0,0.030924496644495262,0.1852215111536513,-0.0023358173144588774,0.008898338623039154
2115.0,0.03156465786632536,0.22164878798038765,0.0007238931769700551,0.01768548163409293
2118.0,0.030107009000314544,0.1615486146656438,0.007429344772986571,-0.013472701982686333
2121.0,0.029241689646931836,0.17259521994153912,-0.0016275921878536642,0.011430987517166105
2124.0,0.027244775559403696,0.23394093412255113,0.00468917993240254,-0.006916303445069302
2127.0,0.0258826723589413,0.2570503831378338,0.001977239313548178,-0.0016468099754116225
2130.0,0.024638808796116053,0.13309830267669265,0.0017402876623742243,-0.002305454484780674
2133.0,0.028105027772522682,0.316133305999421,-0.0010161155165324702,-0.0022396051524556848
2136.0,0.02788359040660699,0.39115909729167714,0.002608545063221104,0.0057909103396997594
2139.0,0.029413372611187195,0.47232335740697523,0.001595092086051826,-0.004594757595310699
2142.0,0.026403094744083776,0.25854914075369884,-0.0002913283176401082,0.00489314705016594
2145.0,0.0259427435310539,0.14852104924625956,0.005653255192806618,0.006487840829903848
2148.0,0.02425284221848549,0.15209302661545734,-0.0016403700690508962,-0.0024334138656609133
2151.0,0.028147836365915405,0.31919258127898525,0.007815979177528297,0.0038037438284711958
2154.0,0.024899526437607546,0.20502283812985364,-0.003601872910790571,0.0030846085958695577
2157.0,0.02449369851207554,0.22615707396561957,0.0032989688061124205,-0.0029439522469208103
2160.0,0.02490795352406602,0.23958353515405176,-0.0013600232251533022,0.004869842475035893
2163.0,0.028497034939204035,0.20671932271367388,0.001843774723840871,-0.002729456895932474
2166.0,0.023096034183152158,0.14577834986321914,-0.0030247690734882724,-0.001997171542883318
2169.0,0.02654769874423884,0.1414997999832205,-0.00179556316080755,0.0016959915535026814
2172.0,0.0235001047916153,0.1640452545578075,0.004433123690694318,-0.00039072234113883927
2175.0,0.0261987988701589,0.15289479419324345,-0.0006589856776251299,-0.006949108629446703
2178.0,0.026774079322025846,0.2736278757915197,5.3247220380784246e-05,-0.0019936174817952626
2181.0,0.02292145419055127,0.13764324256199928,0.00016995408790223578,0.0014912628163607695
2184.0,0.02702885478317969,0.2951137760672864,0.005883758608312827,-0.002046596000739143
2187.0,0.02338061067014176,0.13791352498698695,0.00419559480788156,0.0039520416926628185
2190.0,0.024053274342748402,0.1322518611625619,-0.0026554012152550997,-0.0010622814029811417
2193.0,0.023724719523204273,0.10732849606199316,0.005954519448285866,-0.0007287915839373707
2196.0,0.028670473822663984,0.6772594813879885,-0.002122857083026201,-0.006584042111364235
2199.0,0.026926146874132178,0.174891335918163,-0.0016810141353553957,-0.0065333705827768495
2202.0,0.02360077761672988,0.14535580320152508,0.002680524797624498,0.0014129739666082885
2205.0,0.029287767639930632,0.21952384942490866,0.003884690350248011,-0.00037157551657145154
2208.0,0.02399837988878857,0.11141682455272428,0.0016170417976814084,0.00020950153186647045
2211.0,0.024766447102250608,0.1572425477058361,0.0006298298547501556,0.000759744548132221
2214.0,0.025038428674163813,0.13255342562221287,0.001480738093979664,-0.005329405574719246
2217.0,0.02469869590971847,0.23378909570945897,-0.0006832114028295169,0.004664838005597145
2220.0,0.02413003697630919,0.16286425586546688,0.005911855977379948,-0.000528144167434581
2223.0,0.02298208705238784,0.10851221630403486,0.0018355822380437684,-0.003314483559912858
2226.0,0.024887083948539588,0.1921455178657283,5.0357835409101785e-05,0.003750214834019747
2229.0,0.02667619359215888,0.1568509523036408,0.005959543477331013,-0.0022149128941361734
2232.0,0.02584180287428654,0.2163060417257235,0.0033953913444815446,-0.008331987971970075
2235.0,0.025799810856088307,0.13652016156055918,0.0020205970571301694,0.0034757136273164805
2238.0,0.025042362319406406,0.2043825135912647,0.010502082619484026,0.0007227556823854089
2241.0,0.0218707099692324,0.12321766663001789,0.0004981883846735995,-0.0011877955960670709
2244.0,0.02513799155322907,0.2660738375583969,0.003285392387591247,0.0020621758566072043
2247.0,0.02722746458413112,0.3182452901141453,-0.004480879456005408,-0.008368096051759652
2250.0,0.03050202755926983,0.26453458378940686,0.015449610306788417,0.002882344662840068
2253.0,0.028343447027464438,0.1810240085437507,0.003981732361226732,0.0020745564992546593
2256.0,0.02618450237631361,0.27948186773006317,-0.007409283894345698,-0.0009461274527280873
2259.0,0.021520009811666744,0.12576714165033312,0.005954090957483046,0.002037752188235942
2262.0,0.026936731268032896,0.23116412740767983,0.0014290504952363691,-0.0008672346081418647
2265.0,0.02373284724765978,0.21941139848097668,-0.0026921624534831626,-0.001062639729378542
2268.0,0.023175782381922656,0.18139349430338303,0.010177452592038028,-0.002370122994037136
2271.0,0.030048374923387747,0.7484958036460236,0.0058059802627684004,0.00030907523840540985
2274.0,0.02645108486440472,0.23358240719587134,0.007364982720231917,0.0012048319828870037
2277.0,0.02574397094069409,0.18704743474963648,0.008707942142625012,0.0015185351506858751
2280.0,0.027651663290746392,0.2744227839740422,-0.0037267636209265547,-0.005267400750621251
2283.0,0.025598837045055788,0.15081558448687993,0.009986383823881948,0.0006115316755247575
2286.0,0.026022248529192327,0.1309298640167516,0.009869799039720559,-0.004302964852329168
2289.0,0.030488680802252904,0.15307207768163933,-0.001026558820205487,0.006171498958364518
2292.0,0.02693671229204313,0.14191974905249466,0.005223859632403542,-0.0017326361344879645
2295.0,0.02415528144068151,0.17613643314779764,0.0038675692049111765,-0.006061964657910508
2298.0,0.0263510074764352,0.15328078798703443,0.008027420415347004,0.003840814268057949
2301.0,0.0350512613093768,0.18230134524769773,0.007568957593284277,-0.0009675236080253456
2304.0,0.02666283052897904,0.19678132183737004,0.001687996530745269,0.0008898878382746664
2307.0,0.03125875055783164,0.514690934908936,0.006661519669845083,0.002751942216230012
2310.0,0.029356032934693507,0.16342216688623118,0.010268320520526867,0.001537093819555447
2313.0,0.030424448275399602,0.1920835390856261,0.007700060180464955,0.006739607068589052
2316.0,0.03289488989107026,0.309613771833463,0.0007815851545352338,0.00517242736752146
2319.0,0.032797486421041494,0.25908050163801627,0.008259628362048679,0.00206896641004618
2322.0,0.03353595056345746,0.16934455965280135,0.006482379491200206,0.005790420559419461
2325.0,0.03568299731319676,0.2494520753741341,0.007713797202098805,0.0022122916419902595
2328.0,0.03419492597326155,0.20441570003998744,-0.003352692187490702,-0.0010670108944090507
2331.0,0.03802371996130632,0.35752887881995904,0.014883646637223668,-0.00407251698812309
2334.0,0.034370263654176884,0.3756399253621247,-0.003710552064496198,0.004089537836191207
2337.0,0.03946804568072904,0.47174853566990693,0.00956488018676696,0.0005306201185020395
2340.0,0.037116484328681365,0.26342756677753015,0.008889066837248142,0.0004019969849657699
2343.0,0.03773992997012098,0.3365755834862236,0.0027578647660545666,0.006718019059629988
2346.0,0.034903778022261765,0.20292619227665282,0.005527543280641309,-0.009109659908146876
2349.0,0.035359054547929994,0.15801577280474075,0.009254659310236453,-0.0035300639323086296
2352.0,0.03273352700597306,0.3202771522956918,0.005185734329883934,-0.0036918158502953794
2355.0,0.03180972210731576,0.2930842369057827,0.004554131289143115,0.003198844696794297
2358.0,0.03518065890890957,0.16155516066665843,0.00973031112466634,0.002781473185728698
2361.0,0.035260284507572744,0.3061204182890259,-0.0070008820192515525,0.006338065966301066
2364.0,0.03099823952033132,0.15599555217063826,0.006921521730230997,-0.0020113229100957863
2367.0,0.028620666846415392,0.1720303991281401,0.0037089776225093488,0.0045770716153455656
2370.0,0.03788839602671958,0.2149076043851351,0.017264443950212694,0.0012183129244413716
2373.0,0.0323519259550814,0.20317817816605288,-0.0008028770698077634,0.007060233479270558
2376.0,0.030649056343032086,0.16831528305171026,0.00604146877506492,-0.0038685477101004576
2379.0,0.030442863941919196,0.26380516335595733,0.0029458885376937556,0.001546573242796422
2382.0,0.03126736261484678,0.17466149948455947,-0.004093177366165124,-0.00013190286705923145
2385.0,0.026820883455592675,0.09983843787550839,0.004939583710185076,0.003698153124774773
2388.0,0.04071467036419991,0.5896336280025112,0.004898249904034402,-0.0046103701153075785
2391.0,0.0401244825646373,0.19733369599044107,0.0087756216779002,0.017107614317189483
2394.0,0.03415846383071598,0.24520028266311317,0.002992857230891993,-0.012693405174414469
2397.0,0.03175260953041722,0.1555123480515034,0.0031997745867770686,0.011739748600799477
2400.0,0.032480648273615235,0.31326759567178486,0.009474550461544117,0.0033552461855180793
2403.0,0.031553551671684894,0.24262120807157866,-0.009946302672444344,-0.004647096457141036
2406.0,0.028699662391260476,0.23362089096142144,-0.0013190246547290123,-0.00554604110279839
2409.0,0.03877501916816972,0.1746235193036992,0.015342542618925942,0.0036272163146189164
2412.0,0.02867370141992498,0.19618112923648956,-0.006706977974787115,-0.0076263780902617005
2415.0,0.03289650399021345,0.254461173097332,0.000737720941198136,0.010280462355753325
2418.0,0.035412720551117965,0.20086347344916025,0.0043507195040963145,-0.018255720257670426
2421.0,0.03101140536063911,0.14150352005468508,0.0017456479930575085,0.002377716837128211
2424.0,0.0327114231297859,0.16376183921222107,0.007718747034871284,0.009708924078293303
2427.0,0.029564445945501734,0.16954085246821168,-0.0029774495582481977,-0.003565177149416694
2430.0,0.031386773251426484,0.27294837382084436,-0.0029737606380741384,-0.00983721426935104
2433.0,0.028164606939057146,0.10558618605065727,-0.0032879213069561576,-0.001848622117390352
2436.0,0.02553907548057348,0.11411323559896097,0.004685734709463264,-0.0031152696371521313
2439.0,0.025975539946512978,0.1386385026279431,0.001253537818952388,0.000697547375858817
2442.0,0.026916198844419637,0.1311078695007101,0.003981534253723399,-0.0035031834474702575
2445.0,0.031670645044413664,0.17878018403055904,0.006200135891598481,0.008104433411318899
2448.0,0.02629199052341634,0.18602283659485835,0.0005100757261725706,0.0009768578298345108
2451.0,0.025562280351242524,0.19412688484131407,-0.0032955387383981917,-0.003577116641023793
2454.0,0.027732288879354014,0.17532141908186927,0.0003916398156092308,-0.0072270019228926246
2457.0,0.028418819248911462,0.11481976168202497,0.005359013499675125,0.006862266533622044
2460.0,0.028440405689667336,0.13397719080896986,-0.0026569564122421855,-0.004580309096460707
2463.0,0.025923954591746127,0.10919360810684481,-0.004477009048654783,-0.00174801474992351
2466.0,0.027375677631549727,0.13645598703645626,5.5120816616126765e-05,-0.004259001045038418
2469.0,0.042404169689137516,0.19900373783288758,0.004003309981852995,-0.027524724470782403
2472.0,0.03149753585500252,0.13789252413372452,-0.006973351077659132,0.0005610330744327307
2475.0,0.032096260829731785,0.1676866457300233,0.0038625370880314273,0.0016470638359619074
2478.0,0.028631250576711995,0.1447554594179707,-0.003566707825117748,0.005609828619905275
2481.0,0.03437139395570628,0.19857438045802775,0.0020261614230476337,0.008519205882538898
2484.0,0.028859085561650236,0.14413842709385277,0.003288317203576242,-0.0011168658026666706
2487.0,0.031559601429966354,0.14420293047525862,0.0022336788545969846,1.8416194602018088e-05
2490.0,0.027523382340584917,0.11186173426948784,-0.00011570474053187996,0.0020049031620599156
2493.0,0.028637646490045094,0.11732147038035247,0.001287232049006655,0.003925954667129707
2496.0,0.030201600024194895,0.13330468527693223,-0.005771342767442114,-0.0030098209259621866
2499.0,0.03231589372862214,0.19747960624383973,0.0018449417144801165,-0.0028152849962465943
2502.0,0.03418192556310806,0.2353933624222435,0.0010066317868015246,-0.0041940232006617735
2505.0,0.03026401949628754,0.12171537997121577,0.006737956942704634,0.004912397152842949
2508.0,0.03286923939069916,0.17782097273945205,-0.0004326295631011633,0.00446920940253569
2511.0,0.031128125085914934,0.12472624012104808,-0.002452976628441728,-0.004358969366982838
2514.0,0.02815990810697156,0.11468210185327536,0.005470452120820759,-0.0028368493651655326
2517.0,0.026797577905217577,0.12768838390316795,-0.009047720478695136,0.002407107771266053
2520.0,0.0323505608686652,0.19497488718754,-0.0005085100558123641,-0.005234518618125232
2523.0,0.027217997153764887,0.12093598486624496,0.0034259617295246355,-0.002570184220471641
2526.0,0.028893067962626365,0.13118509894752056,-0.0034281582336692915,0.005330867582356449
2529.0,0.030346249960615062,0.1268925492410804,-0.006073960458232624,-0.0065600205250664345
2532.0,0.03126246775252354,0.19337404006819747,0.0017579063312041104,-0.0005543830955465458
2535.0,0.03029334894136433,0.15783749656891105,-0.004759223062133736,-0.014012530222838805
2538.0,0.026217299893373215,0.13718852640754553,-0.0026222462631812324,0.0036295206792768394
2541.0,0.031466042630773704,0.1963501809021261,-0.01546755271077648,-0.0018430428470674065
2544.0,0.02610587302240768,0.11450065774817603,0.004226011491283085,-0.008079230516971991
2547.0,0.02542512583528769,0.16740386576564387,-0.005420928884464797,-0.008023322110001964
2550.0,0.023787852540242082,0.09072642665847959,0.004544247802583552,-0.0019388698448577213
2553.0,0.027337064121131557,0.17846544265203776,-0.00867436273621451,-0.007444361547557838
2556.0,0.02471291562169183,0.10374062062732195,-0.005022369912085134,0.008816911365134721
2559.0,0.023762459061145245,0.08465675517399385,0.0034811153614255886,-0.004822385135085302
2562.0,0.02549517120197656,0.1327770689724693,-0.00975461716322892,-0.006163166676504765
2565.0,0.02707695438389838,0.13874622257185867,-0.012585451571521817,-0.008060271230082862
2568.0,0.0270913003503321,0.12543388098485173,0.0016709264299895575,0.008235414106321557
2571.0,0.022624973330217606,0.12035158647846188,-0.0008378427139281672,-0.0025882294551459314
2574.0,0.026568867908985532,0.17413834223591024,-0.00962088403615972,-0.009337249779357694
2577.0,0.0205414797613055,0.06854483006806933,0.00035672346236357487,0.00028897326040133015
2580.0,0.02726318304183109,0.11105046079204368,-0.004071156244170562,-0.012847472606851224
2583.0,0.02441486909564331,0.10772159143487284,-0.013880947138664779,0.002918837466316886
2586.0,0.02376180268455716,0.1838360563202537,-0.007044645885109219,0.0020552431673463043
2589.0,0.024893575656243908,0.09556144673219792,-0.001594788500643625,-0.008060509998203411
2592.0,0.025598996626912767,0.09802119500537301,-0.008344283116476394,-0.004365941935524986
2595.0,0.024602188162493682,0.12842262966380524,0.0034696488757733268,-0.009357697276997194
2598.0,0.02769319970849651,0.1375976972879166,-0.008267146951114076,-0.013612635215282418
2601.0,0.026986830132150363,0.1183198747682322,-0.00011335573242635318,0.008957640278230171
2604.0,0.020972522508122142,0.10439275849325207,0.0017220503743452676,-0.0043350462346583175
2607.0,0.02396780592040616,0.3216053087429907,-0.011372979449629929,-0.0028731913172530084
2610.0,0.021861638008477503,0.07499933602531772,-0.0005863550408373224,-0.008922560208931049
2613.0,0.023243015330100057,0.07474317792054448,-0.007162315152240614,-0.007755689906331184
2616.0,0.02524714032092545,0.12096529340716414,-0.0033361824932057974,-0.007031710737529469
2619.0,0.027341631113586836,0.1767295419773176,0.001770907958209146,-0.013190055863539964
2622.0,0.022291569143005147,0.084931530557388,-0.0033208381791851906,-0.0032287034950207877
2625.0,0.018793604496227294,0.13305817032790165,-0.005691626364180704,-0.0038094294053417086
2628.0,0.02153859944578497,0.11585276240261508,-0.008582311465294932,-0.0042500069879537325
2631.0,0.025207714842740925,0.13605361816926656,-0.012099261495475385,-0.011784748254046535
2634.0,0.026233038760227843,0.19930772639456254,-0.011792437935647293,-0.0008946244680999602
2637.0,0.02147081224971103,0.14298845542467253,-0.004580088238891319,-0.009590948162529516
2640.0,0.019632471027173894,0.12822766703249366,-0.005069516617619499,-0.006236422533649539
2643.0,0.018751173687884926,0.0862448180869235,-0.005772753345217094,0.00043994230350729934
2646.0,0.023390601072677812,0.17511415481658732,-0.0024660092538425805,-0.006415194646914219
2649.0,0.023731683997644942,0.10104779456865594,-0.014102348041844175,-0.004215155630813996
2652.0,0.02788831895775299,0.1454050537498285,-0.012617736864905832,-0.007606990118257775
2655.0,0.023586217656471772,0.1122717237533556,-0.009646134569546343,-0.009159839458768327
2658.0,0.02108892189847918,0.09488141398248735,0.003526312479509448,-0.007297781137714291
2661.0,0.025970109093019236,0.12918756271204979,-0.012881495355403389,-0.010097941780649556
2664.0,0.019579881500103015,0.09142494399362942,-0.008108353776908361,0.0004844202622133372
2667.0,0.021025942157841735,0.09740886336807335,0.0028145519573017615,-0.001813989601621705
2670.0,0.025441015319495087,0.16517792192553707,-0.01021056864410742,-0.01023197581756738
2673.0,0.022760252748712326,0.1686326690943572,-0.007597215383006351,0.001326567610403692
2676.0,0.021578888151102243,0.08739500133362807,-0.006231368950120619,-0.007832568771393595
2679.0,0.016829140430988695,0.09047143960222669,-0.006311588623981739,0.003574016343438554
2682.0,0.021565213765327634,0.09155592338536071,-0.009554829164002136,-0.007983128809198254
2685.0,0.01911254557082625,0.0820633772085903,0.0025571935736269182,0.005200978997327279
2688.0,0.020117976729006625,0.08555341488010315,-0.0097459093557988,-0.0033844340888628905
2691.0,0.02172209026402049,0.13344455905633262,-0.01333515386029684,-0.006637274936736333
2694.0,0.018002317637620564,0.0860714369078261,-0.005109292072281649,-0.001471886082194573
2697.0,0.017644874015794038,0.14312113609015711,-0.006838319354990035,0.0027313228691466327
2700.0,0.01631359429996632,0.063095150263843,-0.004030788161105402,-0.0011234851642415286
2703.0,0.017449320662533366,0.08832313120187844,-0.009757291085953676,-0.005163003794300354
2706.0,0.020252553041012727,0.10986779065778976,0.008072100180788848,-0.0016937091069944884
2709.0,0.02072134860334617,0.10876522711572631,-0.0099983748870972,-0.004410134589333805
2712.0,0.01573648637684069,0.1410483343747387,-0.0005729072710256727,-0.003469281317968095
2715.0,0.018025075970460866,0.17225928626884043,-0.008633278381273032,0.0025907188720397946
2718.0,0.018546284251714024,0.12646408921869498,-0.006161792922887927,-0.008586862763182549
2721.0,0.017227543598733273,0.16936985916613992,-0.0005330460800538724,0.0038447320563479476
2724.0,0.016926575918915297,0.14269661829284927,3.668912133672942e-05,0.0009675355250361141
2727.0,0.021032261453276267,0.2497675889864351,-0.011797365884739832,-0.006808587917600025
2730.0,0.015069685189556445,0.1699195176077998,-0.0021080740179204244,-0.0018037237442495822
2733.0,0.016304529427352926,0.08919335191332718,-0.003970706120138806,0.0034771376702142013
2736.0,0.016534063141268603,0.13019124718929148,-0.004748297951275132,0.001362017730467833
2739.0,0.0159887644194379,0.0806326655971313,-0.007289558638814965,-0.00241914348773299
2742.0,0.016068841441457184,0.09513012743215876,-0.0015945786837705585,-0.009586635417380163
2745.0,0.013354892112130673,0.12760997131315416,-0.0033919656488807857,-0.0017427105594105582
2748.0,0.011287269050773766,0.08837546338789966,-0.0020718778792576456,0.0011180754933581203
